{
  "bakeno": {
    "exhausted": true,
    "exhausted_at": 1770086554.3191097
  },
  "menkenongi": {
    "exhausted": false,
    "exhausted_at": 1769930067.770082
  }
}