{
  "menkenongi": {
    "exhausted": false,
    "exhausted_at": 1770499086.5371032
  },
  "bakeno": {
    "exhausted": true,
    "exhausted_at": 1770508104.7943802
  },
  "stmh821": {
    "exhausted": true,
    "exhausted_at": 1770499220.290206
  },
  "kenokaicoo": {
    "exhausted": false,
    "exhausted_at": 1770499086.4526305
  }
}