{
  "menkenongi": {
    "exhausted": true,
    "exhausted_at": 1770511464.1709087
  },
  "bakeno": {
    "exhausted": true,
    "exhausted_at": 1770508104.7943802
  },
  "stmh821": {
    "exhausted": true,
    "exhausted_at": 1770511464.6520557
  },
  "kenokaicoo": {
    "exhausted": false,
    "exhausted_at": 1770499086.4526305
  }
}