{
  "bakeno": {
    "exhausted": true,
    "exhausted_at": 1770039741.7323472
  },
  "menkenongi": {
    "exhausted": false,
    "exhausted_at": 1769930067.770082
  }
}