{
  "menkenongi": {
    "exhausted": false,
    "exhausted_at": 1770284913.0373216
  },
  "bakeno": {
    "exhausted": true,
    "exhausted_at": 1770285744.901226
  },
  "stmh821": {
    "exhausted": true,
    "exhausted_at": 1770284914.2544727
  },
  "kenokaicoo": {
    "exhausted": false,
    "exhausted_at": 1770284910.4952333
  }
}