{
  "menkenongi": {
    "exhausted": false,
    "exhausted_at": 1770531167.2192461
  },
  "bakeno": {
    "exhausted": true,
    "exhausted_at": 1770600688.302531
  },
  "stmh821": {
    "exhausted": true,
    "exhausted_at": 1770531167.7919004
  },
  "kenokaicoo": {
    "exhausted": false,
    "exhausted_at": 1770499086.4526305
  }
}