{
  "menkenongi": {
    "exhausted": false,
    "exhausted_at": 1770326101.8376586
  },
  "bakeno": {
    "exhausted": true,
    "exhausted_at": 1770349279.2063086
  },
  "stmh821": {
    "exhausted": true,
    "exhausted_at": 1770326109.1676095
  },
  "kenokaicoo": {
    "exhausted": false,
    "exhausted_at": 1770326056.2719283
  }
}