{
  "menkenongi": {
    "exhausted": true,
    "exhausted_at": 1770426860.169026
  },
  "bakeno": {
    "exhausted": true,
    "exhausted_at": 1770426216.1998649
  },
  "stmh821": {
    "exhausted": false,
    "exhausted_at": 1770408789.0572727
  },
  "kenokaicoo": {
    "exhausted": false,
    "exhausted_at": 1770408732.4391448
  }
}