{
  "menkenongi": {
    "exhausted": true,
    "exhausted_at": 1770169948.7957945
  },
  "bakeno": {
    "exhausted": true,
    "exhausted_at": 1770172152.499555
  },
  "stmh821": {
    "exhausted": true,
    "exhausted_at": 1770172159.8936071
  }
}