{
  "bakeno": {
    "exhausted": true,
    "exhausted_at": 1769927476.1240208
  },
  "menkenongi": {
    "exhausted": true,
    "exhausted_at": 1769930067.770082
  }
}